FIRST_NAME,LAST_NAME,EMAIL,GENDER,SSN,STREET,CITY,STATE,POSTCODE,AGE,BIRTHDAY,IBAN,CARD_TYPE,CC,CCEXP,OCCUPATION,SALARY,EDUCATION,CREDIT_SCORE_PROVIDER,CREDIT_SCORE,COMPANY
Patricia,Young,Patricia.Young@liu.info,F,242-38-8209,65942 Sheila Way Apt. 317,Indianapolis,IN,46240,44,1975-08-25,DN2WNNWJH57775OLZGSPRP,American Express,865808855207280,06/21,Handlers-cleaners,39950,HS-grad,TransUnion,850,Haynes Group
Ronald,Hess,Ronald.Hess@cobb.org,M,540-95-6163,8304 Snyder Mountains,Hoffman Estates,IL,60179,43,1977-03-22,1XBFXNZ2V7C9FN5AVVD400,Mastercard,7614852765134091,09/23,Priv-house-serv,72000,Assoc-acdm,Experian,850,Villanueva-Johnson
Anna,Rose,Anna.Rose@robinson.net,F,658-00-7537,451 Bass Curve Apt. 765,Oklahoma City,OK,73102,36,1983-08-03,R15ZBVXQ3E0VN0D2RIFGW5,VISA 16 digit,1003805645015220,01/29,Tech-support,59245,Assoc-voc,TransUnion,741,Sosa PLC
Maureen,Morgan,Maureen.Morgan@whitehead.com,F,683-53-2761,203 Kelly Lodge,Oklahoma City,OK,73122,44,1975-10-23,LTBA033QEF2FE0G00YUOYW,Discover,1941678146547428,11/29,Tech-support,75650,Doctorate,Experian,850,Lopez Inc
Ryan,Lee,Ryan.Lee@summers-richards.com,M,089-68-4696,04719 Dunn Highway,Oklahoma City,OK,73190,45,1975-04-06,6RP39G2BM581WP7Z41RNGA,American Express,731446960876292,05/26,Craft-repair,47600,HS-grad,Experian,850,Johnson-Alvarez
Patricia,Young,Patricia.Young@liu.info,F,242-38-8209,65942 Sheila Way Apt. 317,Indianapolis,IN,46240,44,1975-08-25,DN2WNNWJH57775OLZGSPRP,American Express,865808855207280,06/21,Handlers-cleaners,39950,HS-grad,TransUnion,850,Haynes Group
Ronald,Hess,Ronald.Hess@cobb.org,M,540-95-6163,8304 Snyder Mountains,Hoffman Estates,IL,60179,43,1977-03-22,1XBFXNZ2V7C9FN5AVVD400,Mastercard,7614852765134091,09/23,Priv-house-serv,72000,Assoc-acdm,Experian,850,Villanueva-Johnson
Anna,Rose,Anna.Rose@robinson.net,F,658-00-7537,451 Bass Curve Apt. 765,Oklahoma City,OK,73102,36,1983-08-03,R15ZBVXQ3E0VN0D2RIFGW5,VISA 16 digit,1003805645015220,01/29,Tech-support,59245,Assoc-voc,TransUnion,741,Sosa PLC
Maureen,Morgan,Maureen.Morgan@whitehead.com,F,683-53-2761,203 Kelly Lodge,Oklahoma City,OK,73122,44,1975-10-23,LTBA033QEF2FE0G00YUOYW,Discover,1941678146547428,11/29,Tech-support,75650,Doctorate,Experian,850,Lopez Inc
Ryan,Lee,Ryan.Lee@summers-richards.com,M,089-68-4696,04719 Dunn Highway,Oklahoma City,OK,73190,45,1975-04-06,6RP39G2BM581WP7Z41RNGA,American Express,731446960876292,05/26,Craft-repair,47600,HS-grad,Experian,850,Johnson-Alvarez
Lawrence,Garcia,Lawrence.Garcia@contreras-pennington.org,M,413-83-0763,531 Lewis Summit Apt. 974,Greensboro,NC,27455,39,1981-06-02,6HG2FHPHRE4T8O6J4KDZAE,VISA 16 digit,8363424549504682,04/28,Exec-managerial,120700,Some-college,TransUnion,684,Olson-Rodriguez
Angela,Bennett,Angela.Bennett@carpenter-patel.com,F,449-65-0349,97194 Hartman Villages,Jackson,MI,49202,36,1983-11-24,16A5QK6ONF95J4NI105D6C,VISA 16 digit,4869934946185469,03/28,Adm-clerical,53550,Assoc-acdm,TransUnion,697,Mann Group
Michael,Mitchell,Michael.Mitchell@garcia-bishop.com,M,997-59-9827,5216 Rachel Alley Apt. 108,Greensboro,NC,27401,43,1977-02-06,OGI5802JNFT9TO11HZALB3,VISA 16 digit,3476610204235838,08/20,Farming-fishing,28050,HS-grad,Experian,850,Cooper-Buchanan
Deborah,Wilson,Deborah.Wilson@whitehead.com,F,326-21-2780,21581 John Course Suite 861,Oklahoma City,OK,73129,44,1975-11-26,TZOMD37KTEG8XI45MW1FT5,Discover,7549394836194946,12/29,Other-service,35403,Assoc-acdm,Experian,850,Hays PLC
Amy,Howard,Amy.Howard@martinez-mora.com,F,631-21-2528,044 Perez Grove,Indianapolis,IN,46211,38,1981-10-06,5CE0JNQLHNU2P7CK3SLPDJ,Discover,5884733351734209,04/30,Handlers-cleaners,39950,Prof-school,TransUnion,850,Gonzalez-Bowman
Dakota,Hanson,Dakota.Hanson@davis-lewis.net,M,485-64-7830,89180 Frank Station,Loretto,MN,55597,37,1983-02-02,END4CPON0L5EY6HXT39SEW,Mastercard,3098616400380903,08/21,Tech-support,87000,Bachelors,Equifax,485,Martinez and Sons
Johnny,Thompson,Johnny.Thompson@thompson.com,M,260-89-9717,6946 Jessica Street Suite 352,Oklahoma City,OK,73142,39,1980-11-01,FIB6S3PZ4UVK22DT1CCYX1,American Express,644366327550071,06/28,Tech-support,70550,Bachelors,TransUnion,824,Fields-Burgess
Stephanie,Brady,Stephanie.Brady@boyer.com,F,357-75-3210,3002 Aaron Grove Suite 807,Rocklake,ND,58365,35,1985-07-02,U2771S9OJQGZERMH8XX1WT,Discover,2138025020431165,05/25,Tech-support,72250,Some-college,Equifax,784,Hall-Jones
Jamie,White,Jamie.White@cameron.net,F,785-12-2746,456 Wayne Divide Suite 431,Oklahoma City,OK,73119,36,1983-11-06,Q12KS2IT9LMT8C4QI8MP69,American Express,816943823929507,12/25,Transport-moving,41905,HS-grad,Equifax,337,Conner and Sons
Susan,Coleman,Susan.Coleman@thompson.com,F,134-73-4833,74418 Brandy Village Suite 082,Chicago,IL,60605,43,1977-06-08,I53XZH0VQAD607ZSW7JJE0,Mastercard,8688773964399157,04/30,Craft-repair,51000,HS-grad,Experian,850,Richard-Salinas
Sarah,King,Sarah.King@martinez.com,F,979-01-9200,7110 Martin Springs,Fort Wayne,IN,46863,45,1975-06-15,KGHTNE0G6TQ28HQXXGGJ0Y,Discover,8300719611902829,04/23,Adm-clerical,52700,Assoc-acdm,TransUnion,677,Haas Ltd
Timothy,Lane,Timothy.Lane@stephens.com,M,620-35-5890,1083 Herman Land,Lance Creek,WY,82222,40,1980-04-21,4IJCXQ9R42TYMXERTYS4ZS,American Express,060350728520516,10/26,Tech-support,81000,Bachelors,Equifax,824,Brown PLC
Tyler,Snyder,Tyler.Snyder@vang-stuart.com,M,130-30-0957,5381 Mcdaniel Lakes,Sycamore,IL,60178,35,1984-10-25,NP3RHZ01ATL2F2AP72ZYHN,Discover,3065859299503953,11/24,Other-service,42000,Bachelors,TransUnion,708,Salinas-Smith
Jonathon,Gomez,Jonathon.Gomez@doyle.com,M,843-57-9122,98038 Johns Fall,Oklahoma City,OK,73145,41,1979-05-01,1JDT46F4AXDF1PJ8TY2K0F,Discover,7695736286636626,08/23,Transport-moving,47600,HS-grad,TransUnion,850,Ali Ltd
Christopher,Martinez,Christopher.Martinez@smith.com,M,606-49-2921,4759 Charles Springs,Philadelphia,PA,19143,41,1979-01-04,TFHX3324KPEKSRL8904ZTO,VISA 16 digit,9153314239857383,02/29,Adm-clerical,69000,Some-college,Experian,850,Crawford and Sons
James,Ferguson,James.Ferguson@martinez-mora.com,M,624-93-5828,7159 David Shore,Indianapolis,IN,46209,36,1984-04-02,ECMAKZAAC60DMQBAGK0U07,VISA 16 digit,5512552828945900,06/29,Handlers-cleaners,45000,Prof-school,TransUnion,716,Glenn-Clark
Christopher,Boone,Christopher.Boone@whitehead.com,M,205-86-9802,08521 Hensley Crest Suite 412,Minneapolis,MN,55423,44,1975-08-02,K501NGJDC7QZA0PUD4Y2YO,Discover,9857436687472399,12/27,Handlers-cleaners,49000,HS-grad,Experian,850,Lee PLC
Morgan,Randall,Morgan.Randall@vargas-sherman.com,F,356-19-0388,298 Jackson Islands Suite 464,Grand Forks,ND,58201,43,1977-06-29,Y0XBPPKYE8WBAMT42GVWCW,American Express,836667096319158,03/28,Other-service,39100,Assoc-acdm,Equifax,462,Moore LLC
Walter,Sparks,Walter.Sparks@davis-lewis.net,M,874-79-1132,02919 Melissa Street Apt. 563,Holly,MI,48442,28,1991-12-10,P0GMZMQ2UEI42RJN4LWSZO,Mastercard,1869083813910397,12/28,Exec-managerial,112200,Some-college,Equifax,645,Lopez-Mitchell
Joseph,Shaw,Joseph.Shaw@bailey.com,M,007-06-4802,22765 Contreras Extension,Oklahoma City,OK,73154,40,1980-06-28,9PII34VD5XGT8C9UNNAQO0,Mastercard,3668627570428048,04/24,Armed-Forces,116450,Some-college,Equifax,388,Jackson-Snyder
Ann,Gomez,Ann.Gomez@garcia-bishop.com,F,082-85-2208,655 Weaver Extensions Apt. 628,Skokie,IL,60077,41,1979-06-30,KOZ2S1OL3VRLKO9OMGDHHT,Mastercard,4279137398213857,03/25,Priv-house-serv,75000,HS-grad,Equifax,850,Rodriguez Inc
Christina,Gomez,Christina.Gomez@gonzalez-russell.com,F,370-40-1426,95576 Amy Garden,Joliet,IL,60431,43,1976-11-27,JRKCQSBV2NSYXD0Z8IN4O1,American Express,202741151278885,08/26,Handlers-cleaners,40800,Prof-school,TransUnion,850,Pope LLC
Maureen,Wilson,Maureen.Wilson@gonzalez-russell.com,F,374-62-3148,579 Cynthia Camp,Erie,PA,16511,43,1977-02-02,AIGUCFYTHDIE44C9CU896Q,American Express,514939339096218,09/29,Sales,68000,Some-college,Equifax,850,Powers Inc
Charles,Smith,Charles.Smith@parker.org,M,095-05-2543,351 Sarah Green,Philadelphia,PA,19150,44,1976-05-25,COAQCSPEYEYCZ2J7Y5U9YW,American Express,477015979194112,07/28,Priv-house-serv,68000,Bachelors,TransUnion,850,Lopez-Macdonald
Samantha,Harris,Samantha.Harris@robinson-hernandez.biz,F,896-32-4167,050 Donna Plains,Alexandria,LA,71309,31,1988-09-13,0KM1ZQ5G9J9SCRM5XKB5V3,Mastercard,8612742237963136,06/22,Transport-moving,45518,HS-grad,Equifax,850,Harris LLC
Jerry,Harmon,Jerry.Harmon@williams.biz,M,817-55-0065,0751 Steven Causeway Suite 309,Philadelphia,PA,19191,43,1977-03-08,V1KHTDPU7C41AUQKEHK6LX,American Express,506747343473565,01/26,Prof-specialty,100000,Doctorate,Equifax,840,Evans Ltd
Mary,Roberts,Mary.Roberts@doyle.com,F,775-07-0637,423 Sanders Points Apt. 897,Raleigh,NC,27635,39,1981-06-20,1QTDEA7AS74VEN10MULWGN,American Express,115611933088631,08/29,Armed-Forces,88868,Bachelors,Experian,800,Lara Group
Chad,Daugherty,Chad.Daugherty@brennan-mcneil.com,M,065-35-9069,90762 Parker Brook Apt. 632,Chicago,IL,60685,43,1976-08-29,6GUKOFGM9500NZA21401Z4,Mastercard,0177643675804319,06/27,Priv-house-serv,65000,HS-grad,TransUnion,850,Reeves-Butler
Jeremiah,Mann,Jeremiah.Mann@weber-martin.net,M,651-36-2101,8829 Hernandez Circles,Indianapolis,IN,46255,29,1991-06-27,FN6GFZLPLV7OPA84P4R7U1,Mastercard,2347501343888813,07/29,Craft-repair,45900,HS-grad,Equifax,588,Watkins and Sons
Christopher,Adkins,Christopher.Adkins@brennan-mcneil.com,M,866-91-7820,62324 Cooper Parkway Apt. 028,Wayne,MI,48184,35,1985-02-16,92S72ZHMJO49FBP84U62PO,VISA 16 digit,1397460066145904,08/27,Machine-op-inspct,53000,HS-grad,TransUnion,722,Scott-Gutierrez
Glenda,West,Glenda.West@stewart-reynolds.org,F,626-63-0148,70185 Matthew Falls Suite 287,Lancaster,PA,17604,42,1978-04-04,C05A14RTPGCCRIECDPAIXY,American Express,415730614569128,10/20,Other-service,39100,Some-college,TransUnion,850,Thomas Inc
Mikayla,Rice,Mikayla.Rice@perry.com,F,807-32-4515,05570 Hahn Union,Oklahoma City,OK,73149,36,1984-01-21,ECNL0QQF1ZKFFOR39QMRLU,VISA 16 digit,8511538285903246,03/29,Handlers-cleaners,34680,HS-grad,TransUnion,850,Werner Inc
Ashley,Moore,Ashley.Moore@cameron.net,F,487-31-3745,64931 Michael Valleys Apt. 343,Oklahoma City,OK,73127,48,1972-05-10,47KATCKK36F5725RC9M6BO,VISA 16 digit,4633262514024536,09/26,Sales,60654,Some-college,Experian,678,Chavez Ltd
Monica,Bailey,Monica.Bailey@garcia-bishop.com,F,838-95-2022,59327 Bean Mountain Suite 948,Philadelphia,PA,19255,31,1989-05-18,8M44FW5ZDKKX2K2CKHMABM,Mastercard,0814123288412664,04/25,Tech-support,73100,Masters,TransUnion,850,Whitehead-Ortiz
James,Brown,James.Brown@brennan-mcneil.com,M,669-51-8012,5067 Herrera Inlet,Philadelphia,PA,19104,31,1989-01-29,0ST77N5QG2OHHTG37Y15HB,American Express,845723697458573,08/24,Transport-moving,53000,Prof-school,TransUnion,547,Morales Inc
Valerie,Johns,Valerie.Johns@martinez-mora.com,F,717-81-1970,632 David Squares Apt. 253,Cardin,OK,74335,36,1984-01-31,Y8DV3N2E9SMO70WKOFRW3X,Discover,2774735617534292,05/21,Farming-fishing,18063,Prof-school,Equifax,584,Solis Inc
Luke,Conway,Luke.Conway@white.com,M,417-43-2547,5673 Holland Drive Suite 171,Philadelphia,PA,19140,39,1980-09-03,KLUM3ODD6I79F7D4C9MCNT,Mastercard,7144958415787677,03/25,Craft-repair,50000,Prof-school,TransUnion,661,Taylor-Dean
Amy,Morse,Amy.Morse@baker-clark.com,F,117-49-7182,7437 Ariel Walk Suite 187,Chicago,IL,60688,44,1975-09-04,NQF0CB7LIDJS3NIQPSIITX,American Express,044799164873811,09/27,Armed-Forces,123000,Some-college,TransUnion,850,Payne-Vaughn
David,Young,David.Young@clark-crawford.com,M,382-11-4957,2089 Lauren Drive,Eureka,IL,61530,40,1979-09-18,CV1DUSGGOXLO0DF75AL55O,American Express,526076558179532,11/22,Priv-house-serv,62000,HS-grad,Experian,658,Evans-Martin
Andrew,Gill,Andrew.Gill@davis.com,M,396-64-1381,47827 Mckinney Unions,Philadelphia,PA,19144,32,1987-07-30,3MG1HBYJ2YO5NVSBXUXDQ3,VISA 16 digit,8571991640768997,07/24,Priv-house-serv,67000,HS-grad,Equifax,734,Lee and Sons
Samantha,Ramirez,Samantha.Ramirez@davis-lewis.net,F,280-37-7812,97853 Parsons Road Suite 087,Conway,MI,49722,41,1979-05-05,REJVP623L21VDQ2ZWMES68,American Express,474291097601886,10/21,Tech-support,70550,Some-college,Experian,850,Soto-Delgado
Tammy,Guzman,Tammy.Guzman@hudson-johnson.info,F,133-15-1694,842 Bryan Overpass Apt. 592,Denver,CO,80209,47,1973-02-08,6N7PUDI0C3I7HTKBOTJR9Y,VISA 16 digit,5875382324692593,09/27,Farming-fishing,35190,Prof-school,Equifax,850,Payne-Burns
Alicia,Young,Alicia.Young@boyer.com,F,522-54-3168,9521 Christopher Turnpike Apt. 297,Loretto,MN,55599,34,1986-04-09,48CN4YJPPQNJ8U6P1TPEMW,Discover,2046007386197457,02/22,Exec-managerial,117300,Masters,TransUnion,792,Hudson Ltd
Jimmy,Hughes,Jimmy.Hughes@dunn-johnson.info,M,102-92-9286,826 Edward Land Suite 065,Philadelphia,PA,19128,37,1983-04-14,9MXNAY4DN7ZZ4C1OZF5UBL,American Express,689544890727096,10/29,Machine-op-inspct,51000,Prof-school,Equifax,768,Clark and Sons
Lisa,Davila,Lisa.Davila@davis.com,F,844-43-6251,94934 Mitchell Manor Apt. 996,Valley Forge,PA,19495,43,1977-04-25,08CA1N189G5ING9O0GVAM6,Mastercard,8404578794404477,12/26,Armed-Forces,115600,Assoc-acdm,TransUnion,807,Hanna Group
Victoria,Banks,Victoria.Banks@stevens.com,F,933-09-6493,2882 Heather Lights Suite 641,Tulsa,OK,74152,42,1977-10-03,2ZRT1LLBRNBGRD3RZO1J80,Mastercard,9709353135993704,05/29,Armed-Forces,98260,Bachelors,Experian,850,Hobbs-Smith
Robert,Becker,Robert.Becker@hudson-johnson.info,M,341-65-5743,77192 Santiago Courts Suite 310,Marlow,OK,73055,34,1985-09-26,RTPSDARMHCE31YVO565LVZ,VISA 16 digit,3421230510333907,03/21,Tech-support,76500,Masters,TransUnion,433,Davis LLC
Jeffery,Bell,Jeffery.Bell@bean.com,M,988-72-4938,389 David Light,Paris,KY,40361,30,1990-03-30,78Z27Y5KXHMZ08BAL5W74M,Discover,8254805786403896,10/20,Adm-clerical,67000,Assoc-voc,TransUnion,824,Cuevas-Oconnor
Heidi,Moran,Heidi.Moran@cobb.org,F,430-89-0224,0571 Matthew Crest,Jackson,MI,49202,49,1971-01-03,8PMOTL1UWLAWRQXOE41VF3,Mastercard,4272273945107747,04/24,Armed-Forces,132940,Some-college,TransUnion,850,Hoffman-Perez
Christopher,Davis,Christopher.Davis@parker.com,M,021-81-2014,959 Dixon Park,Camden,ME,04843,31,1989-05-28,IS40758G60D13Q4Q7EQ788,American Express,926949509709461,03/22,Prof-specialty,91800,Some-college,Experian,829,Wagner-Mclaughlin
Kimberly,Cline,Kimberly.Cline@norris-evans.org,F,591-44-9246,56173 Love Plains,Philadelphia,PA,19173,39,1981-01-19,5P1Z808RI9MMY809VS6LOV,Discover,7707448484421246,05/21,Priv-house-serv,66300,Bachelors,TransUnion,850,Schwartz-Bauer
Brendan,Lee,Brendan.Lee@williams.biz,M,502-78-0522,493 Justin Mountains Suite 627,Newell,NC,28126,41,1979-06-20,HJDX93KS32U63U3I72AMOJ,VISA 16 digit,7329044465844659,08/21,Priv-house-serv,53550,HS-grad,Experian,850,White-Yates
Katherine,Landry,Katherine.Landry@smith.com,F,142-12-7218,65142 Mark Inlet Apt. 336,Philadelphia,PA,19128,48,1972-06-18,3BHEZXSSTL02FRVR97VN0J,Discover,2273327152477811,05/21,Handlers-cleaners,51750,HS-grad,Equifax,850,Walter Inc
Stacie,Hester,Stacie.Hester@hill-osborne.net,F,716-40-2150,476 Victoria Well Suite 996,Marion Center,PA,15759,35,1984-08-31,1A5MD9Z7RQHPTQAK4F1XLE,Mastercard,7038505354884882,12/22,Tech-support,71400,Doctorate,Equifax,441,Jenkins-Wilson
Katherine,Bailey,Katherine.Bailey@thompson.com,F,529-97-7336,0721 Beck Harbors Suite 524,Philadelphia,PA,19103,42,1977-09-15,ERIE4UPFCX8EUUOWM1BJ6X,Mastercard,0599878425722793,02/22,Other-service,35700,HS-grad,Equifax,850,Holt Inc
Robert,Smith,Robert.Smith@cobb.org,M,678-00-9665,22675 Ramsey Stravenue Apt. 265,Philadelphia,PA,19171,42,1977-11-06,RBTLOJWU4KDPXM63D504X2,Mastercard,3780946872084949,06/25,Prof-specialty,115000,Assoc-acdm,TransUnion,683,Miller Inc
Angel,Hernandez,Angel.Hernandez@bennett.com,F,365-36-3317,81647 Alejandra Glen,Honolulu,HI,96805,31,1989-01-27,OC5RA7YVPTLS77TWP3OHEF,Discover,6564794096681228,12/24,Machine-op-inspct,46920,HS-grad,TransUnion,788,Washington and Sons
Jill,Padilla,Jill.Padilla@clark-crawford.com,F,467-07-7913,8653 Megan Junction Suite 937,Oklahoma City,OK,73170,39,1981-02-18,MD5MEQIVGS16T6OMRHH1M9,Discover,0706615541878260,07/28,Adm-clerical,52700,Bachelors,Experian,850,Quinn-West
Bobby,Johnson,Bobby.Johnson@ray.com,M,510-12-5522,3245 Veronica Drives,Indianapolis,IN,46231,43,1977-05-11,C18URVNHE9CFRBHP6NAZZL,Discover,2693435906316510,11/23,Other-service,45000,Some-college,Equifax,498,White-Davis
Steven,Hawkins,Steven.Hawkins@bailey.com,M,464-45-8424,0686 Lyons Corner,Philadelphia,PA,19103,39,1980-10-19,GU4GEY6QVHRXWV7KDEYQC9,VISA 16 digit,3206523605264125,01/30,Transport-moving,55000,Prof-school,Equifax,678,Martin LLC
Juan,Alexander,Juan.Alexander@contreras-pennington.org,M,880-16-6716,025 Vincent Glen Apt. 708,Brooklyn,NY,11242,51,1969-05-07,IEO289ECG792ICFO54T37M,Mastercard,9055511585882742,07/24,Transport-moving,93898,Prof-school,Equifax,850,Holder-York
Claire,Morgan,Claire.Morgan@freeman-young.com,F,723-07-5981,6357 Harper Lodge Apt. 586,Oklahoma City,OK,73112,39,1981-03-17,8YYRYD5VS9B2CRPGIZ8Z08,American Express,607316225676294,12/25,Craft-repair,36125,Prof-school,Experian,850,Jones-Martinez
Bryan,Richardson,Bryan.Richardson@martin.com,M,571-52-0366,77223 Matthew Brook,Oklahoma City,OK,73104,32,1987-11-25,KGBDQCIH8HHVWCSVVWOV4J,American Express,319050104990963,05/26,Priv-house-serv,62900,Prof-school,Equifax,570,Black-Jackson
Sierra,Ramirez,Sierra.Ramirez@white-kane.com,F,165-68-6930,5310 Owens Avenue Suite 763,Oklahoma City,OK,73190,35,1984-08-16,YTTS45UB5OA4LJXM24KAV2,Discover,7643679761770234,09/20,Prof-specialty,70805,Doctorate,Experian,850,Allison-Foster
Ashley,Ray,Ashley.Ray@stevens.com,F,200-78-0496,977 Vanessa Mount,Charlotte,NC,28226,40,1979-08-22,VXY1TJR3JEL6PZEIU34ODF,American Express,101337189140572,06/21,Adm-clerical,48408,Assoc-voc,Experian,646,Kidd Ltd
Nicholas,Heath,Nicholas.Heath@shelton.com,M,542-37-0358,392 Kaitlin Square Suite 181,West Columbia,SC,29170,42,1977-10-04,0LUUJ8IM27OUT8X869DZAU,Mastercard,7577232885080573,10/21,Other-service,43000,Assoc-acdm,Experian,850,Osborne LLC
John,Smith,John.Smith@robinson.net,M,205-22-5222,96201 Timothy Keys Apt. 384,Oklahoma City,OK,73196,45,1975-05-25,5U3CW1SWZWOU9H30I9WN1N,Discover,0639046356573470,08/22,Sales,61200,Assoc-voc,Equifax,362,Beck-Williams
Anthony,Nunez,Anthony.Nunez@grant.net,M,417-98-9003,0320 Mckinney Burg,Oklahoma City,OK,73151,37,1982-12-12,U9PODH0VI3RK95AMW4JNGF,VISA 16 digit,5193527011935983,09/21,Tech-support,75650,Some-college,TransUnion,339,Jimenez-Harper
Todd,Banks,Todd.Banks@brennan-mcneil.com,M,456-25-0095,156 Patrick Mission Apt. 284,Sagle,ID,83860,45,1975-03-22,CB6MQ3HW5P18LY3I9P2BBK,VISA 16 digit,1011314227028565,11/26,Adm-clerical,67000,Prof-school,TransUnion,850,George Group
Lynn,Franco,Lynn.Franco@doyle.com,F,228-02-0703,50244 Holland Plains Suite 609,Valley Forge,PA,19493,45,1975-01-07,D33MW71YG27EOKLAMTZ7WM,American Express,411426446913154,09/20,Sales,66000,HS-grad,Experian,454,Jordan-Murillo
Jonathan,Conner,Jonathan.Conner@rogers.com,M,456-10-9532,737 Natalie Islands,Hettinger,ND,58639,42,1978-05-22,E1MBBL7FV9P6R5M5OAY13N,American Express,185985961768973,08/20,Adm-clerical,63000,Assoc-acdm,Equifax,508,Wilson-Rodriguez
Adam,Coleman,Adam.Coleman@boyer.com,M,075-91-9245,02110 Jensen Lane,Lucile,ID,83542,34,1985-09-13,Y7MEXRSV2DLIOP37XOTGNE,VISA 16 digit,4950036885298338,07/27,Adm-clerical,64000,Assoc-acdm,TransUnion,749,Martinez-Barnes
Andrea,Cowan,Andrea.Cowan@lindsey.biz,F,975-68-4219,436 Leah Turnpike,Oklahoma City,OK,73123,44,1976-05-26,BCQP4ONHY0H2PZRZXLI8XX,American Express,534577849671466,01/30,Armed-Forces,96093,Assoc-acdm,TransUnion,560,Banks and Sons
Olivia,Brown,Olivia.Brown@smith-norman.info,F,920-35-7562,538 Pineda Mews,Oklahoma City,OK,73140,34,1985-12-19,TB42WRN7NS19CG2WI9E8VB,Mastercard,8676468088369006,08/27,Armed-Forces,100428,Prof-school,Experian,850,Lee PLC
Meagan,Smith,Meagan.Smith@hill-osborne.net,F,811-14-0408,42040 Nicholas Mill Apt. 449,Greensboro,NC,27427,34,1986-04-26,PMVVCOTOUH2RW4GUE8GYJM,American Express,869633061032436,11/26,Prof-specialty,66470,Assoc-acdm,Experian,850,Cook-Cohen
Elizabeth,Valdez,Elizabeth.Valdez@parker.org,F,433-18-7115,499 Keith Bridge,Fort Wayne,IN,46852,43,1976-08-09,0VN6IYHV8T8ZSVRLOLIDDR,American Express,217437674877154,01/29,Craft-repair,55000,HS-grad,Equifax,850,Smith Ltd
Ronald,Jackson,Ronald.Jackson@bailey.com,M,533-45-0977,3984 Gonzalez Corners Suite 073,Philadelphia,PA,19183,34,1985-11-07,ADGMQFSBV4J6XXOQBTSGZL,Discover,8053913145540983,12/21,Adm-clerical,63000,Assoc-acdm,Experian,823,Lowery-Reeves
Nathan,Perez,Nathan.Perez@lee.biz,M,585-93-6844,1168 Hernandez Vista,Greensboro,NC,27416,38,1981-08-09,5FO6T5GRCSYJK7OQUF66H7,Mastercard,4661689397340131,11/26,Farming-fishing,18700,HS-grad,TransUnion,685,Hoffman-Soto
Christina,Mendez,Christina.Mendez@richmond.com,F,984-26-2624,21732 Virginia Harbors Suite 051,Hettinger,ND,58639,42,1977-11-23,5RQDP23TSKVLF4T4T1UCTS,Discover,4049235649211576,12/22,Tech-support,71400,Assoc-voc,Experian,850,Vaughn PLC
Alexis,Villegas,Alexis.Villegas@lindsey.biz,F,831-23-0622,69761 Harris Viaduct Apt. 394,Grand Forks,ND,58201,33,1987-02-15,S1UZ3O4JUGMPO43A1M7I0X,Mastercard,6569535880365464,03/21,Priv-house-serv,59500,Assoc-acdm,Experian,850,Zavala LLC
Joseph,Gomez,Joseph.Gomez@stevens.com,M,588-83-7490,772 Jennifer Unions Apt. 180,Scranton,PA,18501,44,1976-02-01,MRYYO40QI9STATFKSLW61Z,VISA 16 digit,2224674532964102,06/25,Adm-clerical,70000,Bachelors,Experian,850,Smith-Sims
Emily,Bonilla,Emily.Bonilla@summers-richards.com,F,062-88-2458,87292 Ashley Stravenue,Chicago,IL,60636,38,1981-09-13,PJZC3FIEJG9GYNTJZGNAAC,American Express,300599907525920,07/21,Transport-moving,66300,HS-grad,Equifax,771,Hayes PLC
Amy,Powell,Amy.Powell@ryan-ramirez.info,F,337-92-4775,7073 Matthews Mountains Suite 925,Rocklake,ND,58365,40,1980-01-29,2CRQTABSLXLX1O2SP0VV5L,Discover,7607192664489512,09/22,Priv-house-serv,66300,Prof-school,Experian,832,Fuller PLC
Ariel,Lutz,Ariel.Lutz@weber-martin.net,F,614-75-0309,74931 Rose Loop Apt. 775,Fort Wayne,IN,46814,39,1980-08-19,VWYFNHW3X7MJ9ZHG2GJ5JR,Mastercard,6144392232416376,04/25,Prof-specialty,100300,Doctorate,Equifax,826,Russell-Allen
Dawn,Young,Dawn.Young@white-kane.com,F,406-43-0915,778 Tara Summit,Fayetteville,NC,28312,41,1978-09-13,C136XUASNQ80YLNKMN6LIL,Discover,4584947427134721,05/22,Armed-Forces,99705,Bachelors,Equifax,850,Ramirez-Reyes
Ryan,Smith,Ryan.Smith@ray.com,M,719-07-3149,0008 Young Courts Apt. 954,Durham,NC,27722,35,1985-03-09,4T5IL5BP8HQ2IGKZCUC12D,VISA 16 digit,3999748214474620,11/20,Priv-house-serv,66300,Assoc-acdm,TransUnion,633,Deleon LLC
Yvonne,Vasquez,Yvonne.Vasquez@morgan.com,F,550-94-7460,7205 Ford Track Apt. 015,Oklahoma City,OK,73110,49,1971-04-06,SH3651EM6N6S89DM22YFDI,American Express,205429411706605,06/28,Exec-managerial,112168,Doctorate,Equifax,850,Johnston-Garza
Jamie,Eaton,Jamie.Eaton@robinson-hernandez.biz,F,583-52-2073,03484 Ritter Islands,Indianapolis,IN,46240,41,1978-09-02,QPP8NXRUK8J3M0SEFOI26E,VISA 16 digit,0954843173602975,09/27,Transport-moving,52700,HS-grad,Experian,664,Roth LLC
Tiffany,Ali,Tiffany.Ali@rogers.com,F,362-82-2582,230 Felicia Wall,Oklahoma City,OK,73164,55,1964-09-25,PI81O4LVKS3SQXPESNKKHO,American Express,170117400500129,06/23,Farming-fishing,28250,Prof-school,Experian,850,Vance Inc
Brandon,Stevenson,Brandon.Stevenson@gill-mcguire.com,M,850-46-6838,62534 Steve Fork Suite 782,Philadelphia,PA,19187,32,1987-08-11,3W7KX8NQSNLF3QIKXAMMY8,American Express,183170137428036,09/22,Craft-repair,55000,Prof-school,TransUnion,760,Hancock and Sons
